[
    {
      "id": 1,
      "title": "The Latest Political Debate",
      "category": "Entertainment",
      "slug": "latest-political-debate",
      "content": "This is a detailed blog post about the latest political debate.This is a detailed blog post about the latest political debate.This is a detailed blog post about the latest political debate.",
      "date": "2025-03-20"
    },
    {
      "id": 2,
      "title": "Understanding Spiritual Awakening",
      "category": "spiritual",
      "slug": "understanding-spiritual-awakening",
      "content": "A deep dive into the concept of spiritual awakening... This is a detailed blog post about the latest political debate.This is a detailed blog post about the latest political debate.This is a detailed blog post about the latest political debate.",
      "date": "2025-03-18"
    },
    {
      "id": 3,
      "title": "Breaking News: Political Reforms",
      "category": "news",
      "slug": "breaking-news-political-reforms",
      "content": "A look into the latest political reforms happening across the world... This is a detailed blog post about the latest political debate.This is a detailed blog post about the latest political debate.This is a detailed blog post about the latest political debate.",
      "date": "2025-03-19"
    },
    {
      "id": 4,
      "title": "The Latest Political Debate",
      "category": "politics",
      "slug": "latest-political-debate",
      "content": "This is a detailed blog post about the latest political debate.This is a detailed blog post about the latest political debate.This is a detailed blog post about the latest political debate.",
      "date": "2025-03-20"
    },
    {
      "id": 5,
      "title": "Understanding Spiritual Awakening",
      "category": "Entertainment",
      "slug": "understanding-spiritual-awakening",
      "content": "A deep dive into the concept of spiritual awakening... This is a detailed blog post about the latest political debate.This is a detailed blog post about the latest political debate.This is a detailed blog post about the latest political debate.",
      "date": "2025-03-18"
    },
    {
      "id": 6,
      "title": "Breaking News: Political Reforms",
      "category": "news",
      "slug": "breaking-news-political-reforms",
      "content": "A look into the latest political reforms happening across the world... This is a detailed blog post about the latest political debate.This is a detailed blog post about the latest political debate.This is a detailed blog post about the latest political debate.",
      "date": "2025-03-19"
    }
  ]